"location_id","borough","zone","service_zone","latitude","longitude","geolocation"
1,"EWR","Newark Airport","EWR","40.689531","-74.174462","(40.689531, -74.174462)"
2,"Queens","Jamaica Bay","Boro Zone","40.6039936","-73.8354124","(40.6039936, -73.8354124)"
3,"Bronx","Allerton/Pelham Gardens","Boro Zone","40.84768445","-73.8702246","(40.84768445, -73.8702246)"
4,"Manhattan","Alphabet City","Yellow Zone","40.7251022","-73.9795833","(40.7251022, -73.9795833)"
5,"Staten Island","Arden Heights","Boro Zone","40.558787300000006","-74.18142840336813","(40.558787300000006, -74.18142840336813)"
6,"Staten Island","Arrochar/Fort Wadsworth","Boro Zone","40.6037156","-74.06764105","(40.6037156, -74.06764105)"
7,"Queens","Astoria","Boro Zone","40.7720145","-73.9302673","(40.7720145, -73.9302673)"
8,"Queens","Astoria Park","Boro Zone","40.7788277","-73.92265804019786","(40.7788277, -73.92265804019786)"
9,"Queens","Auburndale","Boro Zone","40.761324","-73.7919464","(40.761324, -73.7919464)"
10,"Queens","Baisley Park","Boro Zone","40.6681753","-73.7881176","(40.6681753, -73.7881176)"
11,"Brooklyn","Bath Beach","Boro Zone","40.6018495","-74.000501","(40.6018495, -74.000501)"
12,"Manhattan","Battery Park","Yellow Zone","40.702786","-74.01577307510607","(40.702786, -74.01577307510607)"
13,"Manhattan","Battery Park City","Yellow Zone","40.7110166","-74.0169369","(40.7110166, -74.0169369)"
14,"Brooklyn","Bay Ridge","Boro Zone","40.6320062","-74.0232101","(40.6320062, -74.0232101)"
15,"Queens","Bay Terrace/Fort Totten","Boro Zone","40.7896359","-73.77885001854743","(40.7896359, -73.77885001854743)"
16,"Queens","Bayside","Boro Zone","40.7684351","-73.7770774","(40.7684351, -73.7770774)"
17,"Brooklyn","Bedford","Boro Zone","40.7072684","-73.9644703","(40.7072684, -73.9644703)"
18,"Bronx","Bedford Park","Boro Zone","40.8700999","-73.8856912","(40.8700999, -73.8856912)"
19,"Queens","Bellerose","Boro Zone","40.7324437","-73.8566427","(40.7324437, -73.8566427)"
20,"Bronx","Belmont","Boro Zone","40.8552778","-73.8863889","(40.8552778, -73.8863889)"
21,"Brooklyn","Bensonhurst East","Boro Zone","40.611374","-73.996839","(40.611374, -73.996839)"
22,"Brooklyn","Bensonhurst West","Boro Zone","40.604824","-74.006226","(40.604824, -74.006226)"
23,"Staten Island","Bloomfield/Emerson Hill","Boro Zone","40.61065225","-74.13698255","(40.61065225, -74.13698255)"
24,"Manhattan","Bloomingdale","Yellow Zone","40.7997764","-73.9677716","(40.7997764, -73.9677716)"
25,"Brooklyn","Boerum Hill","Boro Zone","40.68562615","-73.98417065807277","(40.68562615, -73.98417065807277)"
26,"Brooklyn","Borough Park","Boro Zone","40.633993","-73.9968059","(40.633993, -73.9968059)"
27,"Queens","Breezy Point/Fort Tilden/Riis Beach","Boro Zone","40.56331183333334","-73.89486785838709","(40.56331183333334, -73.89486785838709)"
28,"Queens","Briarwood/Jamaica Hills","Boro Zone","40.7098528","-73.8209071","(40.7098528, -73.8209071)"
29,"Brooklyn","Brighton Beach","Boro Zone","40.57964365","-73.96111022551311","(40.57964365, -73.96111022551311)"
30,"Queens","Broad Channel","Boro Zone","40.6033064","-73.8242776","(40.6033064, -73.8242776)"
31,"Bronx","Bronx Park","Boro Zone","40.8313889","-73.8830556","(40.8313889, -73.8830556)"
32,"Bronx","Bronxdale","Boro Zone","40.8506558","-73.8665241","(40.8506558, -73.8665241)"
33,"Brooklyn","Brooklyn Heights","Boro Zone","40.696084850000005","-73.9950278391265","(40.696084850000005, -73.9950278391265)"
34,"Brooklyn","Brooklyn Navy Yard","Boro Zone","40.6997716","-73.9753359","(40.6997716, -73.9753359)"
35,"Brooklyn","Brownsville","Boro Zone","40.665306","-73.9124755","(40.665306, -73.9124755)"
36,"Brooklyn","Bushwick North","Boro Zone","40.697552","-73.921286","(40.697552, -73.921286)"
37,"Brooklyn","Bushwick South","Boro Zone","40.6942867","-73.92588360783884","(40.6942867, -73.92588360783884)"
38,"Queens","Cambria Heights","Boro Zone","40.6945474","-73.7384653","(40.6945474, -73.7384653)"
39,"Brooklyn","Canarsie","Boro Zone","40.643715","-73.9006921","(40.643715, -73.9006921)"
40,"Brooklyn","Carroll Gardens","Boro Zone","40.6784201","-73.9948021","(40.6784201, -73.9948021)"
41,"Manhattan","Central Harlem","Boro Zone","40.7982754","-73.9525303","(40.7982754, -73.9525303)"
42,"Manhattan","Central Harlem North","Boro Zone","40.7972529","-73.949906","(40.7972529, -73.949906)"
43,"Manhattan","Central Park","Yellow Zone","40.7827725","-73.9653627406542","(40.7827725, -73.9653627406542)"
44,"Staten Island","Charleston/Tottenville","Boro Zone","40.52477015","-74.24466874999999","(40.524770149999995, -74.24466874999999)"
45,"Manhattan","Chinatown","Yellow Zone","40.7164913","-73.9962504","(40.7164913, -73.9962504)"
46,"Bronx","City Island","Boro Zone","40.8473226","-73.7865218","(40.8473226, -73.7865218)"
47,"Bronx","Claremont/Bathgate","Boro Zone","40.84058125","-73.9037411630053","(40.84058125, -73.9037411630053)"
48,"Manhattan","Clinton East","Yellow Zone","40.7212687","-73.9836882","(40.7212687, -73.9836882)"
49,"Brooklyn","Clinton Hill","Boro Zone","40.6897222","-73.9652778","(40.6897222, -73.9652778)"
50,"Manhattan","Clinton West","Yellow Zone","40.7644228","-73.9923918","(40.7644228, -73.9923918)"
51,"Bronx","Co-Op City","Boro Zone","40.84528585","-73.86986532709017","(40.845285849999996, -73.86986532709017)"
52,"Brooklyn","Cobble Hill","Boro Zone","40.687547","-73.9973352","(40.687547, -73.9973352)"
53,"Queens","College Point","Boro Zone","40.7937011","-73.8530589","(40.7937011, -73.8530589)"
54,"Brooklyn","Columbia Street","Boro Zone","40.6913154","-73.9996139","(40.6913154, -73.9996139)"
55,"Brooklyn","Coney Island","Boro Zone","40.5765081","-73.9929419","(40.5765081, -73.9929419)"
56,"Queens","Corona","Boro Zone","40.7469593","-73.8601456","(40.7469593, -73.8601456)"
57,"Queens","Corona","Boro Zone","40.7469593","-73.8601456","(40.7469593, -73.8601456)"
58,"Bronx","Country Club","Boro Zone","40.8391667","-73.8197222","(40.8391667, -73.8197222)"
59,"Bronx","Crotona Park","Boro Zone","40.83881315","-73.89239847631723","(40.83881315, -73.89239847631723)"
60,"Bronx","Crotona Park East","Boro Zone","40.8366261","-73.8925344","(40.8366261, -73.8925344)"
61,"Brooklyn","Crown Heights North","Boro Zone","40.66892005","-73.93294101340285","(40.66892005, -73.93294101340285)"
62,"Brooklyn","Crown Heights South","Boro Zone","40.664776","-73.944799","(40.664776, -73.944799)"
63,"Brooklyn","Cypress Hills","Boro Zone","40.6770477","-73.8912474","(40.6770477, -73.8912474)"
64,"Queens","Douglaston","Boro Zone","40.7681752","-73.7493059","(40.7681752, -73.7493059)"
65,"Brooklyn","Downtown Brooklyn/MetroTech","Boro Zone","40.69309815","-73.98620028774063","(40.693098150000004, -73.98620028774063)"
66,"Brooklyn","DUMBO/Vinegar Hill","Boro Zone","40.6981927","-73.9943326","(40.6981927, -73.9943326)"
67,"Brooklyn","Dyker Heights","Boro Zone","40.6204716","-74.0116668","(40.6204716, -74.0116668)"
68,"Manhattan","East Chelsea","Yellow Zone","40.7366095","-73.99230294586846","(40.7366095, -73.99230294586846)"
69,"Bronx","East Concourse/Concourse Village","Boro Zone","40.818671575","-73.92533810609413","(40.818671574999996, -73.92533810609413)"
70,"Queens","East Elmhurst","Boro Zone","40.7612123","-73.8651358","(40.7612123, -73.8651358)"
71,"Brooklyn","East Flatbush/Farragut","Boro Zone","40.676987475","-73.95603960241907","(40.676987475000004, -73.95603960241907)"
72,"Brooklyn","East Flatbush/Remsen Village","Boro Zone","40.6537148","-73.9304151","(40.6537148, -73.9304151)"
73,"Queens","East Flushing","Boro Zone","40.7575366","-73.78430452865169","(40.757536599999995, -73.78430452865169)"
74,"Manhattan","East Harlem North","Boro Zone","40.797628","-73.937595","(40.797628, -73.937595)"
75,"Manhattan","East Harlem South","Boro Zone","40.791642","-73.944658","(40.791642, -73.944658)"
76,"Brooklyn","East New York","Boro Zone","40.6758826","-73.9032829","(40.6758826, -73.9032829)"
77,"Brooklyn","East New York/Pennsylvania Avenue","Boro Zone","40.67518135","-73.89990664999999","(40.67518135, -73.89990664999999)"
78,"Bronx","East Tremont","Boro Zone","40.8453781","-73.8909693","(40.8453781, -73.8909693)"
79,"Manhattan","East Village","Yellow Zone","40.7292688","-73.9873613","(40.7292688, -73.9873613)"
80,"Brooklyn","East Williamsburg","Boro Zone","40.7000919","-73.9617607","(40.7000919, -73.9617607)"
81,"Bronx","Eastchester","Boro Zone","40.8772222","-73.8491667","(40.8772222, -73.8491667)"
82,"Queens","Elmhurst","Boro Zone","40.7365804","-73.8783932","(40.7365804, -73.8783932)"
83,"Queens","Elmhurst/Maspeth","Boro Zone","40.7298692","-73.89551510000001","(40.729869199999996, -73.89551510000001)"
84,"Staten Island","Eltingville/Annadale/Prince's Bay","Boro Zone","40.53857076666667","-74.18060116666668","(40.53857076666667, -74.18060116666668)"
85,"Brooklyn","Erasmus","Boro Zone","40.6494444","-73.9575","(40.6494444, -73.9575)"
86,"Queens","Far Rockaway","Boro Zone","40.6053825","-73.7551326","(40.6053825, -73.7551326)"
87,"Manhattan","Financial District North","Yellow Zone","40.70932","-74.00868","(40.70932, -74.00868)"
88,"Manhattan","Financial District South","Yellow Zone","40.703277","-74.01335","(40.703277, -74.01335)"
89,"Brooklyn","Flatbush/Ditmas Park","Boro Zone","40.644791175","-73.96121624961783","(40.644791175, -73.96121624961783)"
90,"Manhattan","Flatiron","Yellow Zone","40.7410592","-73.98964162240998","(40.741059199999995, -73.98964162240998)"
91,"Brooklyn","Flatlands","Boro Zone","40.6212155","-73.9348597","(40.6212155, -73.9348597)"
92,"Queens","Flushing","Boro Zone","40.7654301","-73.8174291","(40.7654301, -73.8174291)"
93,"Queens","Flushing Meadows-Corona Park","Boro Zone","40.745075675","-73.85264208174303","(40.745075675, -73.85264208174303)"
94,"Bronx","Fordham South","Boro Zone","40.85408","-73.8973","(40.85408, -73.8973)"
95,"Queens","Forest Hills","Boro Zone","40.723100900000006","-73.84661252338407","(40.723100900000006, -73.84661252338407)"
96,"Queens","Forest Park/Highland Park","Boro Zone","40.6952035","-73.86693192139363","(40.6952035, -73.86693192139363)"
97,"Brooklyn","Fort Greene","Boro Zone","40.6907711","-73.9766245","(40.6907711, -73.9766245)"
98,"Queens","Fresh Meadows","Boro Zone","40.7348246","-73.7934668","(40.7348246, -73.7934668)"
99,"Staten Island","Freshkills Park","Boro Zone","40.5812","-74.1917","(40.5812, -74.1917)"
100,"Manhattan","Garment District","Yellow Zone","40.7536941","-73.9905167","(40.7536941, -73.9905167)"
101,"Queens","Glen Oaks","Boro Zone","40.7470463","-73.7115199","(40.7470463, -73.7115199)"
102,"Queens","Glendale","Boro Zone","40.7014917","-73.8868028","(40.7014917, -73.8868028)"
103,"Manhattan","Governor's Island/Ellis Island/Liberty Island","Yellow Zone","40.693282583333335","-74.03318505407141","(40.693282583333335, -74.03318505407141)"
104,"Manhattan","Governor's Island/Ellis Island/Liberty Island","Yellow Zone","40.693282583333335","-74.03318505407141","(40.693282583333335, -74.03318505407141)"
105,"Manhattan","Governor's Island/Ellis Island/Liberty Island","Yellow Zone","40.693282583333335","-74.03318505407141","(40.693282583333335, -74.03318505407141)"
106,"Brooklyn","Gowanus","Boro Zone","40.6791695","-73.9885041","(40.6791695, -73.9885041)"
107,"Manhattan","Gramercy","Yellow Zone","40.7355189","-73.9840794","(40.7355189, -73.9840794)"
108,"Brooklyn","Gravesend","Boro Zone","40.5961338","-73.9739426","(40.5961338, -73.9739426)"
109,"Staten Island","Great Kills","Boro Zone","40.5542718","-74.1515318","(40.5542718, -74.1515318)"
110,"Staten Island","Great Kills Park","Boro Zone","40.554418","-74.10809959215749","(40.554418, -74.10809959215749)"
111,"Brooklyn","Green-Wood Cemetery","Boro Zone","40.6534","-73.9906","(40.6534, -73.9906)"
112,"Brooklyn","Greenpoint","Boro Zone","40.7237134","-73.9509714","(40.7237134, -73.9509714)"
113,"Manhattan","Greenwich Village North","Yellow Zone","40.734823","-73.996708","(40.734823, -73.996708)"
114,"Manhattan","Greenwich Village South","Yellow Zone","40.7335844","-74.0028172","(40.7335844, -74.0028172)"
115,"Staten Island","Grymes Hill/Clifton","Boro Zone","40.62010615","-74.082483","(40.62010615, -74.082483)"
116,"Manhattan","Hamilton Heights","Boro Zone","40.8241451","-73.9500618","(40.8241451, -73.9500618)"
117,"Queens","Hammels/Arverne","Boro Zone","40.59111965","-73.80034865","(40.591119649999996, -73.80034865)"
118,"Staten Island","Heartland Village/Todt Hill","Boro Zone","40.5931302","-74.1279026","(40.593130200000004, -74.1279026)"
119,"Bronx","Highbridge","Boro Zone","40.8355038","-73.9320521","(40.8355038, -73.9320521)"
120,"Manhattan","Highbridge Park","Boro Zone","40.84595055","-73.92990605351383","(40.84595055, -73.92990605351383)"
121,"Queens","Hillcrest/Pomonok","Boro Zone","40.7324478","-73.80883093979648","(40.7324478, -73.80883093979648)"
122,"Queens","Hollis","Boro Zone","40.7134361","-73.7670772","(40.7134361, -73.7670772)"
123,"Brooklyn","Homecrest","Boro Zone","40.6038452","-73.9561526673943","(40.6038452, -73.9561526673943)"
124,"Queens","Howard Beach","Boro Zone","40.6578815","-73.8362459","(40.6578815, -73.8362459)"
125,"Manhattan","Hudson Sq","Yellow Zone","40.7268035","-74.0079833","(40.7268035, -74.0079833)"
126,"Bronx","Hunts Point","Boro Zone","40.8018068","-73.8734865","(40.8018068, -73.8734865)"
127,"Manhattan","Inwood","Boro Zone","40.8692579","-73.9204949","(40.8692579, -73.9204949)"
128,"Manhattan","Inwood Hill Park","Boro Zone","40.87227365","-73.9254270915026","(40.87227365, -73.9254270915026)"
129,"Queens","Jackson Heights","Boro Zone","40.7556561","-73.8857755","(40.7556561, -73.8857755)"
130,"Queens","Jamaica","Boro Zone","40.6987631","-73.8088251","(40.6987631, -73.8088251)"
131,"Queens","Jamaica Estates","Boro Zone","40.71334555","-73.78251095420785","(40.71334555, -73.78251095420785)"
132,"Queens","JFK Airport","Airports","40.6429479","-73.7793733748521","(40.642947899999996, -73.7793733748521)"
133,"Brooklyn","Kensington","Boro Zone","40.6462149","-73.970694","(40.6462149, -73.970694)"
134,"Queens","Kew Gardens","Boro Zone","40.7095633","-73.8307965","(40.7095633, -73.8307965)"
135,"Queens","Kew Gardens Hills","Boro Zone","40.7274987","-73.82172037073292","(40.7274987, -73.82172037073292)"
136,"Bronx","Kingsbridge Heights","Boro Zone","40.8725702","-73.9026619","(40.8725702, -73.9026619)"
137,"Manhattan","Kips Bay","Yellow Zone","40.7395463","-73.9770832","(40.7395463, -73.9770832)"
138,"Queens","LaGuardia Airport","Airports","40.7757145","-73.87336398511545","(40.7757145, -73.87336398511545)"
139,"Queens","Laurelton","Boro Zone","40.668518","-73.7518434","(40.668518, -73.7518434)"
140,"Manhattan","Lenox Hill East","Yellow Zone","40.7680821","-73.9601056530546","(40.7680821, -73.9601056530546)"
141,"Manhattan","Lenox Hill West","Yellow Zone","40.766155","-73.963037","(40.766155, -73.963037)"
142,"Manhattan","Lincoln Square East","Yellow Zone","40.77469","-73.982727","(40.77469, -73.982727)"
143,"Manhattan","Lincoln Square West","Yellow Zone","40.775821","-73.986475","(40.775821, -73.986475)"
144,"Manhattan","Little Italy/NoLiTa","Yellow Zone","40.7196926","-73.99719125","(40.7196926, -73.99719125)"
145,"Queens","Long Island City/Hunters Point","Boro Zone","40.74007535","-73.9598202","(40.74007535, -73.9598202)"
146,"Queens","Long Island City/Queens Plaza","Boro Zone","40.7451766","-73.94750565","(40.7451766, -73.94750565)"
147,"Bronx","Longwood","Boro Zone","40.8169578","-73.8973154","(40.8169578, -73.8973154)"
148,"Manhattan","Lower East Side","Yellow Zone","40.7159357","-73.9868057","(40.7159357, -73.9868057)"
149,"Brooklyn","Madison","Boro Zone","40.612528","-73.9452","(40.612528, -73.9452)"
150,"Brooklyn","Manhattan Beach","Boro Zone","40.5779176","-73.9440833","(40.5779176, -73.9440833)"
151,"Manhattan","Manhattan Valley","Yellow Zone","40.7970144","-73.969726","(40.7970144, -73.969726)"
152,"Manhattan","Manhattanville","Boro Zone","40.8176657","-73.95851439291599","(40.8176657, -73.95851439291599)"
153,"Manhattan","Marble Hill","Boro Zone","40.8749243","-73.9127022","(40.8749243, -73.9127022)"
154,"Brooklyn","Marine Park/Floyd Bennett Field","Boro Zone","40.600053925","-73.9111161727974","(40.600053925, -73.9111161727974)"
155,"Brooklyn","Marine Park/Mill Basin","Boro Zone","40.60770587500001","-73.9208910227974","(40.60770587500001, -73.9208910227974)"
156,"Staten Island","Mariners Harbor","Boro Zone","40.6367701","-74.1587547","(40.6367701, -74.1587547)"
157,"Queens","Maspeth","Boro Zone","40.723158","-73.912637","(40.723158, -73.912637)"
158,"Manhattan","Meatpacking/West Village West","Yellow Zone","40.7408029","-74.0080691","(40.7408029, -74.0080691)"
159,"Bronx","Melrose South","Boro Zone","40.815802","-73.914332","(40.815802, -73.914332)"
160,"Queens","Middle Village","Boro Zone","40.7179844","-73.87880753380317","(40.7179844, -73.87880753380317)"
161,"Manhattan","Midtown Center","Yellow Zone","40.7650637","-73.9853191","(40.7650637, -73.9853191)"
162,"Manhattan","Midtown East","Yellow Zone","40.7598219","-73.9724708","(40.7598219, -73.9724708)"
163,"Manhattan","Midtown North","Yellow Zone","40.7649371","-73.9850825","(40.7649371, -73.9850825)"
164,"Manhattan","Midtown South","Yellow Zone","40.7498417","-73.984251","(40.7498417, -73.984251)"
165,"Brooklyn","Midwood","Boro Zone","40.6645346","-73.96685804585428","(40.664534599999996, -73.96685804585428)"
166,"Manhattan","Morningside Heights","Boro Zone","40.81","-73.9625","(40.81, -73.9625)"
167,"Bronx","Morrisania/Melrose","Boro Zone","40.82725775","-73.91126374999999","(40.82725775, -73.91126374999999)"
168,"Bronx","Mott Haven/Port Morris","Boro Zone","40.8052522","-73.9162479","(40.8052522, -73.9162479)"
169,"Bronx","Mount Hope","Boro Zone","40.8485541","-73.9067848","(40.8485541, -73.9067848)"
170,"Manhattan","Murray Hill","Yellow Zone","40.7481574","-73.97875","(40.7481574, -73.97875)"
171,"Queens","Murray Hill-Queens","Boro Zone","40.7381211","-73.8216848","(40.7381211, -73.8216848)"
172,"Staten Island","New Dorp/Midland Beach","Boro Zone","40.57502405","-74.09771175","(40.575024049999996, -74.09771175)"
173,"Queens","North Corona","Boro Zone","40.757971","-73.857338","(40.757971, -73.857338)"
174,"Bronx","Norwood","Boro Zone","40.8772593","-73.8768626","(40.8772593, -73.8768626)"
175,"Queens","Oakland Gardens","Boro Zone","40.753991","-73.765966","(40.753991, -73.765966)"
176,"Staten Island","Oakwood","Boro Zone","40.5639366","-74.1163373","(40.5639366, -74.1163373)"
177,"Brooklyn","Ocean Hill","Boro Zone","40.6757317","-73.9124338","(40.6757317, -73.9124338)"
178,"Brooklyn","Ocean Parkway South","Boro Zone","40.605618","-73.972308","(40.605618, -73.972308)"
179,"Queens","Old Astoria","Boro Zone","40.776358","-73.930892","(40.776358, -73.930892)"
180,"Queens","Ozone Park","Boro Zone","40.67677","-73.8437461","(40.67677, -73.8437461)"
181,"Brooklyn","Park Slope","Boro Zone","40.6701033","-73.9859723","(40.6701033, -73.9859723)"
182,"Bronx","Parkchester","Boro Zone","40.8331134","-73.8618888","(40.8331134, -73.8618888)"
183,"Bronx","Pelham Bay","Boro Zone","40.8505556","-73.8333333","(40.8505556, -73.8333333)"
184,"Bronx","Pelham Bay Park","Boro Zone","40.85252235","-73.82799533606173","(40.85252235, -73.82799533606173)"
185,"Bronx","Pelham Parkway","Boro Zone","40.8559524","-73.8738271","(40.8559524, -73.8738271)"
186,"Manhattan","Penn Station/Madison Sq West","Yellow Zone","40.7500792","-73.9913481","(40.7500792, -73.9913481)"
187,"Staten Island","Port Richmond","Boro Zone","40.6331592","-74.1365318","(40.6331592, -74.1365318)"
188,"Brooklyn","Prospect-Lefferts Gardens","Boro Zone","40.677242225","-73.96026225","(40.677242225, -73.96026225)"
189,"Brooklyn","Prospect Heights","Boro Zone","40.6778708","-73.9684725","(40.6778708, -73.9684725)"
190,"Brooklyn","Prospect Park","Boro Zone","40.661774300000005","-73.97108902901994","(40.661774300000005, -73.97108902901994)"
191,"Queens","Queens Village","Boro Zone","40.7267692","-73.7415208","(40.7267692, -73.7415208)"
192,"Queens","Queensboro Hill","Boro Zone","40.7429131","-73.8251749688875","(40.742913099999996, -73.8251749688875)"
193,"Queens","Queensbridge/Ravenswood","Boro Zone","40.757185225","-73.94556522000406","(40.757185225, -73.94556522000406)"
194,"Manhattan","Randalls Island","Yellow Zone","40.79144785","-73.92102371388103","(40.79144785, -73.92102371388103)"
195,"Brooklyn","Red Hook","Boro Zone","40.6790718","-74.0194283","(40.6790718, -74.0194283)"
196,"Queens","Rego Park","Boro Zone","40.72286495","-73.86210252803048","(40.72286495, -73.86210252803048)"
197,"Queens","Richmond Hill","Boro Zone","40.6994253","-73.8309672","(40.6994253, -73.8309672)"
198,"Queens","Ridgewood","Boro Zone","40.7080556","-73.9141667","(40.7080556, -73.9141667)"
199,"Bronx","Rikers Island","Boro Zone","40.79193175","-73.88349371727949","(40.79193175, -73.88349371727949)"
200,"Bronx","Riverdale/North Riverdale/Fieldston","Boro Zone","40.8975022","-73.90486165","(40.8975022, -73.90486165)"
201,"Queens","Rockaway Park","Boro Zone","40.5805104","-73.8361535","(40.5805104, -73.8361535)"
202,"Manhattan","Roosevelt Island","Boro Zone","40.76133675","-73.95028526170718","(40.76133675, -73.95028526170718)"
203,"Queens","Rosedale","Boro Zone","40.6658936","-73.7357903","(40.6658936, -73.7357903)"
204,"Staten Island","Rossville/Woodrow","Boro Zone","40.5477207","-74.20481855","(40.5477207, -74.20481855)"
205,"Queens","Saint Albans","Boro Zone","40.6984364","-73.7606881","(40.6984364, -73.7606881)"
206,"Staten Island","Saint George/New Brighton","Boro Zone","40.6434369","-74.0865305","(40.6434369, -74.0865305)"
207,"Queens","Saint Michaels Cemetery/Woodside","Boro Zone","40.7453798","-73.9054145","(40.7453798, -73.9054145)"
208,"Bronx","Schuylerville/Edgewater Park","Boro Zone","40.82574485","-73.81840015","(40.82574485, -73.81840015)"
209,"Manhattan","Seaport","Yellow Zone","40.7088076","-74.0053094","(40.7088076, -74.0053094)"
210,"Brooklyn","Sheepshead Bay","Boro Zone","40.5912161","-73.9445822","(40.5912161, -73.9445822)"
211,"Manhattan","SoHo","Yellow Zone","40.72288","-73.9987505","(40.72288, -73.9987505)"
212,"Bronx","Soundview/Bruckner","Boro Zone","40.82139415","-73.88255085","(40.82139415, -73.88255085)"
213,"Bronx","Soundview/Castle Hill","Boro Zone","40.8196924","-73.86406395","(40.8196924, -73.86406395)"
214,"Staten Island","South Beach/Dongan Hills","Boro Zone","40.58961515","-74.08145840946662","(40.58961515, -74.08145840946662)"
215,"Queens","South Jamaica","Boro Zone","40.689365","-73.82737955501858","(40.689364999999995, -73.82737955501858)"
216,"Queens","South Ozone Park","Boro Zone","40.6701035","-73.8190231","(40.6701035, -73.8190231)"
217,"Brooklyn","South Williamsburg","Boro Zone","40.70870855","-73.97022191618456","(40.70870855, -73.97022191618456)"
218,"Queens","Springfield Gardens North","Boro Zone","40.672372","-73.756233","(40.672372, -73.756233)"
219,"Queens","Springfield Gardens South","Boro Zone","40.659579","-73.756086","(40.659579, -73.756086)"
220,"Bronx","Spuyten Duyvil/Kingsbridge","Boro Zone","40.8787869","-73.9136569","(40.878786899999994, -73.9136569)"
221,"Staten Island","Stapleton","Boro Zone","40.6279568","-74.0751652","(40.6279568, -74.0751652)"
222,"Brooklyn","Starrett City","Boro Zone","40.6478738","-73.87951922227273","(40.6478738, -73.87951922227273)"
223,"Queens","Steinway","Boro Zone","40.7745459","-73.9037477","(40.7745459, -73.9037477)"
224,"Manhattan","Stuy Town/Peter Cooper Village","Yellow Zone","40.733297175","-73.97742269856302","(40.733297175000004, -73.97742269856302)"
225,"Brooklyn","Stuyvesant Heights","Boro Zone","40.68821175","-73.9441184931129","(40.68821175, -73.9441184931129)"
226,"Queens","Sunnyside","Boro Zone","40.7398242","-73.9354153","(40.7398242, -73.9354153)"
227,"Brooklyn","Sunset Park East","Boro Zone","40.652876","-74.003921","(40.652876, -74.003921)"
228,"Brooklyn","Sunset Park West","Boro Zone","40.645245","-74.010467","(40.645245, -74.010467)"
229,"Manhattan","Sutton Place/Turtle Bay North","Yellow Zone","40.7580419","-73.960182","(40.7580419, -73.960182)"
230,"Manhattan","Times Sq/Theatre District","Yellow Zone","40.7555923","-73.9858388","(40.7555923, -73.9858388)"
231,"Manhattan","TriBeCa/Civic Center","Yellow Zone","40.71452975","-74.00585525","(40.71452975, -74.00585525)"
232,"Manhattan","Two Bridges/Seward Park","Yellow Zone","40.713087725","-73.9906799041405","(40.713087725, -73.9906799041405)"
233,"Manhattan","UN/Turtle Bay South","Yellow Zone","40.750214150000005","-73.96727182919946","(40.750214150000005, -73.96727182919946)"
234,"Manhattan","Union Sq","Yellow Zone","40.7360717","-73.9901888","(40.7360717, -73.9901888)"
235,"Bronx","University Heights/Morris Heights","Boro Zone","40.85550995","-73.9171292","(40.85550995, -73.9171292)"
236,"Manhattan","Upper East Side North","Yellow Zone","40.773565","-73.956555","(40.773565, -73.956555)"
237,"Manhattan","Upper East Side South","Yellow Zone","40.768098","-73.962408","(40.768098, -73.962408)"
238,"Manhattan","Upper West Side North","Yellow Zone","40.793783","-73.972368","(40.793783, -73.972368)"
239,"Manhattan","Upper West Side South","Yellow Zone","40.784734","-73.976865","(40.784734, -73.976865)"
240,"Bronx","Van Cortlandt Park","Boro Zone","40.886383","-73.898926","(40.886383, -73.898926)"
241,"Bronx","Van Cortlandt Village","Boro Zone","40.884442","-73.898986","(40.884442, -73.898986)"
242,"Bronx","Van Nest/Morris Park","Boro Zone","40.851186","-73.86244585","(40.851186, -73.86244585)"
243,"Manhattan","Washington Heights North","Boro Zone","40.85256","-73.936063","(40.85256, -73.936063)"
244,"Manhattan","Washington Heights South","Boro Zone","40.842119","-73.939657","(40.842119, -73.939657)"
245,"Staten Island","West Brighton","Boro Zone","40.6345481","-74.1120867","(40.6345481, -74.1120867)"
246,"Manhattan","West Chelsea/Hudson Yards","Yellow Zone","40.74699125","-73.9982942","(40.74699125, -73.9982942)"
247,"Bronx","West Concourse","Boro Zone","40.8263245","-73.9212145","(40.8263245, -73.9212145)"
248,"Bronx","West Farms/Bronx River","Boro Zone","40.84702525","-73.8762724","(40.84702525, -73.8762724)"
249,"Manhattan","West Village","Yellow Zone","40.7341857","-74.00558","(40.7341857, -74.00558)"
250,"Bronx","Westchester Village/Unionport","Boro Zone","40.8273229","-73.8501349","(40.8273229, -73.8501349)"
251,"Staten Island","Westerleigh","Boro Zone","40.621215","-74.1318094","(40.621215, -74.1318094)"
252,"Queens","Whitestone","Boro Zone","40.7945457","-73.8184674","(40.7945457, -73.8184674)"
253,"Queens","Willets Point","Boro Zone","40.796708","-73.779396","(40.796708, -73.779396)"
254,"Bronx","Williamsbridge/Olinville","Boro Zone","40.8580132","-73.85775535","(40.8580132, -73.85775535)"
255,"Brooklyn","Williamsburg (North Side)","Boro Zone","40.719004","-73.958435","(40.719004, -73.958435)"
256,"Brooklyn","Williamsburg (South Side)","Boro Zone","40.708116","-73.95707","(40.708116, -73.95707)"
257,"Brooklyn","Windsor Terrace","Boro Zone","40.65348695","-73.97719596197135","(40.65348695, -73.97719596197135)"
258,"Queens","Woodhaven","Boro Zone","40.6892698","-73.8579131","(40.6892698, -73.8579131)"
259,"Bronx","Woodlawn/Wakefield","Boro Zone","40.89202045","-73.86551070192147","(40.892020450000004, -73.86551070192147)"
260,"Queens","Woodside","Boro Zone","40.7453798","-73.9054145","(40.7453798, -73.9054145)"
261,"Manhattan","World Trade Center","Yellow Zone","40.71275205","-74.00958427262398","(40.71275205, -74.00958427262398)"
262,"Manhattan","Yorkville East","Yellow Zone","40.77172395","-73.95390724761229","(40.77172395, -73.95390724761229)"
263,"Manhattan","Yorkville West","Yellow Zone","40.776223","-73.949195","(40.776223, -73.949195)"
264,"Unknown","N/A","N/A",NULL,NULL,"N/A"
265,"N/A","Outside of NYC","N/A",NULL,NULL,"N/A"
